ID,Species,Binomial,Presence_of_Data,Publish_Date,Original_Data,Date_Start,Date_End,Country,Lat,Long,Sample_Size,Age_Min,Age_Max,Testicular_Volume,Testicular_Circumference,Collection_Method,Seminal_Volume,Mean_Motility,Sperm_Concentration,%_Normal_Morphology,%_Intact_Acrosome,%_Head_Abnormalities,%_Midpiece_Abnormalities,%_Tail_Abnormalities,Housing,Pairing,Reference,Comments,,,,,,,,,
1,Central American Tapir,Tapirus bairdii,Yes,2023-01-02,Yes,2007-04-01,2008-10-01,PAN,8.609836385,-80.13205751,11,2,21,131.4,15.15818455,EEJ,20.4,46.1,101.2,6.9,74.8,34.8,0.3,90.9,captive,multiple,https://doi.org/10.2164/jandrol.110.011833,,,,,,,,,,
2,Caracals,Caracal caracal,Yes,2016-01-01,Yes,,,BEL,51.05019099,3.731680076,2,4,7,,,multiple,0.24,86,122,12,,,,,captive,multiple,https://libstore.ugent.be/fulltxt/RUG01/002/274/171/RUG01-002274171_2016_0001_AC.pdf,A comparative study in morphological defects of semen from African Lions (Panthera leo) and Caracal (Caracal caracal): collected by urethral catheterization and electroejaculation.,,,,,,,,,
3,Cheetah,Acinonyx jubatus,Yes,2015-09-02,Yes,,,USA,multiple,multiple,29,2,12,,,EEJ,,66.25,41,25,,,,,captive,multiple,10.1371/journal.pone.0135847,,,,,,,,,,
4,Cheetah,Acinonyx jubatus,Yes,1988-03-01,Yes,1982-02-01,1985-04-30,USA,41.2260423,-95.92683035,3,3,9,,,EEJ,1.8,69,27.3,35.4,98.4,3.8,34.3,26,captive,multiple,10.1095/biolreprod38.2.245,,,,,,,,,,
5,Cheetah,Acinonyx jubatus,Yes,2013-01-02,Yes,,,NAM,multiple,multiple,8,2.5,9,11.1,,EEJ,3.3,74.2,36,19.9,86.6,22.6,36.5,14.5,captive,alone,10.2164/jandrol.108.006239,,,,,,,,,,
6,Cheetah,Acinonyx jubatus,Yes,2010-07-21,Yes,,,multiple,multiple,multiple,22,2.5,10,,,EEJ,1.98,64,50,24,92,19.3,55.6,3,captive,bachelor group,10.1095/biolreprod.110.085639,,,,,,,,,,
7,Cheetah,Acinonyx jubatus,Yes,2006-01-10,Yes,,,NAM,-20.48402925,17.03218849,13,1.75,14,9.2,,EEJ,3.7,78,20.4,21.7,86.3,17.3,45.7,8.5,captive,multiple,10.1016/j.cryobiol.2005.10.011,wild born,,,,,,,,,
8,Cheetah,Acinonyx jubatus,Yes,1993-01-01,Yes,,,USA,,,60,,,13.9,,EEJ,1.5,67,29.3,21.3,,9.3,38.8,30.6,captive,,https://doi.org/10.1002/zoo.1430120107,,,,,,,,,,
9,Cheetah,Acinonyx jubatus,Yes,1992-01-01,Yes,1990-12-01,1991-01-01,USA,multiple,multiple,9,2.5,7,,,EEJ,1.1,74.4,42.8,28.4,,5.666666667,44.16666667,20,captive,alone,https://doi.org/10.1095/biolreprod46.6.1047,,,,,,,,,,
10,Asian Elephant,Elephas maximus,Yes,2004-02-01,Yes,,,CAN,43.34103859,-80.17986923,2,18,32,,,RM,5,,830,,,,,,captive,,https://doi.org/10.1016/j.anireprosci.2003.07.001,,,,,,,,,,
11,Asian Elephant,Elephas maximus,Yes,2000-03-01,Yes,,,USA,45.51545374,-122.7093008,1,11,11,,,AV,56.5,65,2000,67.3,,,,32.7,captive,,https://doi.org/10.1016/S0093-691X(00)00237-5,,,,,,,,,,
12,African Elephant,Loxodonta africana,Yes,2020-01-24,No,,,ZAF,-27.88641495,32.21839436,12,17,35,,,EEJ,59.7,80.5,904.2,55.7,,15.8,14.2,14.2,wild,,https://doi.org/10.1071/RD19182,,,,,,,,,,
13,Southern Pig-footed Bandicoot,Chaeropus ecaudatus,No,,,,,,,,,,,,,,,,,,,,,,,,,,,,,,,,,,
14,African Elephant,Loxodonta africana,Yes,2013-03-06,Yes,2009-09-01,2010-04-30,ZAF,-27.87859005,32.22677323,14,14,36,,,EEJ,98.6,86.45,794.05,72.8,79.5,,,,wild,,https://doi.org/10.1371/journal.pone.0057616,,,,,,,,,,
15,Jaguar,Panthera onca,Yes,2018-08-01,Yes,,,BRA,multiple,multiple,5,5,8,,,UC,0.43,79,3315,51,,2,2.6,44.2,wild,,10.1016/j.anireprosci.2017.12.019,,,,,,,,,,
16,Jaguar,Panthera onca,Yes,2018-08-01,Yes,,,BRA,multiple,multiple,6,3,12,,,UC,0.292,73,2091.4,60.7,,0.75,1.25,37.25,captive,,10.1016/j.anireprosci.2017.12.019,,,,,,,,,,
17,Jaguar,Panthera onca,Yes,1996-01-01,Yes,,,USA,,,4,,,,,EEJ,,,,57.9,77.5,,,,captive,,https://doi.org/10.1016/0093-691X(96)84714-5,,,,,,,,,,
18,Jaguar,Panthera onca,Yes,1998-01-01,Yes,1996-01-01,1997-01-01,BRA,multiple,multiple,10,7,10,,,EEJ,7.42,62.6,6.2,46.7,96.4,,,,captive,,https://doi.org/10.1590/S1413-95961998000400007,,,,,,,,,,
19,Leopard,Panthera pardus,Yes,1988-03-01,Yes,1982-02-01,1985-04-30,USA,41.2260423,-95.92683035,4,7,11,,,EEJ,5.1,43.8,46.2,21,94.5,6.05,35.8,37.6,captive,multiple,https://doi.org/10.1095/biolreprod38.2.245,,,,,,,,,,
20,Lion,Panthera leo,Yes,2017-02-01,Yes,2012-01-01,2014-12-31,ZAF,-25.73585246,28.1904112,29,2.5,8,,,EEJ,,60,968,44,,,,,captive,,https://doi.org/10.1016/j.theriogenology.2016.10.024,,,,,,,,,,
21,Lion,Panthera leo,Yes,2012-08-01,Yes,,,ZAF,-25.73584028,28.19047366,7,4,10,,,UC,0.42286,84,1940,46,,,,,captive,multiple,https://doi.org/10.1016/j.theriogenology.2012.02.026,,,,,,,,,,
22,Lion,Panthera leo,Yes,2004-05-01,Yes,,,ZAF,,,8,1,4,50.933,9.738937226,EEJ,5.28,90,101,65.7,,,,,captive,,http://hdl.handle.net/11660/5464,,,,,,,,,,
23,Lion,Panthera leo,Yes,2016-01-01,Yes,,,ZAF,-25.52119529,27.67895873,4,4,7,,,UC,0.34,66,1327,15,,,,,captive,multiple,https://libstore.ugent.be/fulltxt/RUG01/002/274/171/RUG01-002274171_2016_0001_AC.pdf,A comparative study in morphological defects of semen from African Lions (Panthera leo) and Caracal (Caracal caracal): collected by urethral catheterization and electroejaculation.,,,,,,,,,
24,Lion,Panthera leo,Yes,2007-12-03,Yes,,,BRA,-23.65052744,-46.62003687,14,,,,,EEJ,5.83,73.85,11.62,45,,,,,captive,,https://doi.org/10.11606/issn.1678-4456.bjvras.2007.26592,,,,,,,,,,
25,Malayan Tapir,Tapirus indicus,Yes,2011-12-01,Yes,2010-07-01,2011-06-30,THA,multiple,multiple,8,4,20,105.7,14.60840584,EEJ,10.3,24,206.1,6.7,39.2,,32,12,captive,,10.56808/2985-1130.2343,,,,,,,,,,
26,Wild Horse,Equus ferus,Yes,2010-01-01,Yes,,,USA,38.88728864,-78.16506874,14,,,,,EEJ,31.1,42.2,2.69,19.1,,,,,captive,,https://espace.library.uq.edu.au/view/UQ:271321,Understanding the reproductive biology of the Przewalski's horse (equus ferus przewalskii),,,,,,,,,
27,Puma,Felus concolor,Yes,1988-03-01,Yes,1982-02-01,1985-04-30,USA,41.2260423,-95.92683035,3,3,9,,,EEJ,3.4,64.3,22,27,98.6,1.54,45.3,26.7,captive,multiple,10.1095/biolreprod38.2.245,,,,,,,,,,
28,Red Wolf,Canis rufus,Yes,2009-02-01,Yes,2002-03-08,2004-02-27,USA,47.30525163,-122.5215522,15,2,13,,,EEJ,6.2,75.6,72.1,54.7,51.2,,,,captive,pair,10.1016/j.theriogenology.2008.07.030,,,,,,,,,,
29,Red Wolf,Canis rufus,Yes,2016-09-15,No,1990-12-15,2004-04-30,USA,,,64,1,14,,,EEJ,5.3,72,104,65,57,9.9,3.4,21.5,captive,multiple,10.1016/j.theriogenology.2016.04.080,,,,,,,,,,
30,Red Wolf,Canis rufus,Yes,2018-08-01,Yes,2015-01-01,2017-03-31,USA,,,39,1,11,24.9,,EEJ,6.15,80.8,96.7,46.5,60.5,,,,captive,multiple,10.1016/j.theriogenology.2018.05.007,,,,,,,,,,
31,Red Wolf,Canis rufus,Yes,2020-12-28,Yes,2018-01-01,2019-03-31,USA,,,6,3,9,,,EEJ,3.745,73.75,72.2,,,,,,captive,,https://doi.org/10.1530/RAF-20-0042,,,,,,,,,,
32,Red Wolf,Canis rufus,Yes,1998-09-01,Yes,1994-01-01,1995-12-31,USA,47.30502005,-122.5216138,15,,,,,EEJ,,69.6,131,65,99.95,5.25,7.9,5,captive,,https://doi.org/10.1530/jrf.0.1140095,,,,,,,,,,
33,Rhinoceros,multiple,Yes,2018-07-11,Yes,,,,,,14,14,20,,,EEJ,6,90.3,620.7,84,85.1,,,,captive,,https://doi.org/10.1371/journal.pone.0200154,,,,,,,,,,
34,Rhinoceros,multiple,Yes,2005-12-01,Yes,,,,multiple,multiple,7,7,34,,,EEJ,98.2,80.7,37100,41.6,,,,,captive,multiple,https://doi.org/10.1638/05-019.1,,,,,,,,,,
35,White Rhinoceros,Ceratotherium simum,Yes,2022-01-18,Yes,,,multiple,multiple,multiple,10,,,,,EEJ,8.85,77.5,549.65,80.1,88.7,,,,captive,,https://doi.org/10.3390/biology11020154,,,,,,,,,,
36,Silver Fox,Vulpes vulpes,Yes,1993-01-01,,,,,,,36,,,,,EEJ,,,,87.55,,,,6.225,,,https://europepmc.org/article/med/8229937,Sperm abnormalities in silver fox (Vulpes vulpes) semen selected for artificial insemination,,,,,,,,,
37,Tiger,Panthera tigris,Yes,1988-03-01,Yes,1982-02-01,1985-04-30,USA,41.2260423,-95.92683035,7,3,11,,,EEJ,7,81.5,31.9,63,96.9,3.42,22.3,11.82,captive,multiple,10.1095/biolreprod38.2.245,,,,,,,,,,
38,Tiger,Panthera tigris,Yes,2016-07-01,,,,IDN,-6.720478711,106.9508891,5,4,12,,,EEJ,1.5,72.5,114,,,,,,captive,,https://www.ingentaconnect.com/content/cryo/cryo/2016/00000037/00000004/art00005#,Characteristics and Fertility of Sumatran Tiger Spermatozoa Cryopreserved With Different Sugars,,,,,,,,,
39,Wild Horse,Equus ferus,Yes,2006-08-07,Yes,,,USA,multiple,multiple,9,,,75.25,,EEJ,19.9,52.7,2000,23.4,,28.7,42.6,4.3,captive,,https://doi.org/10.1016/j.anireprosci.2006.03.048,,,,,,,,,,
40,Brown Bear,Ursus arctos,Yes,2015-10-15,Yes,,,ESP,43.3496803,-3.854059901,24,6,,,,EEJ,,41.16666667,323.6,,86.1,,,,captive,,https://doi.org/10.1016/j.theriogenology.2015.06.017,,,,,,,,,,
41,Brown Bear,Ursus arctos,Yes,2016-04-01,Yes,,,ESP,43.3496803,-3.854059901,8,7,20,,,EEJ,2,87.5,208.2,71,99.7,,,,captive,,https://doi.org/10.1016/j.theriogenology.2015.11.021,only acrosome and apoptosis cosidered for morphology,,,,,,,,,
42,Brown Bear,Ursus arctos,Yes,1998-08-01,Yes,1995-05-15,1996-07-15,JPN,42.49067152,141.1589208,10,7,16,,,EEJ,2.7,80.2,471.6,78.2,,,,,captive,alone,10.1292/jvms.60.965,,,,,,,,,,
43,Giant Panda,Ailuropoda melanoleuca,Yes,2004-05-01,Yes,,,CHN,30.73453999,104.1457369,9,5,16,,,EEJ,2.8,76.1,1100,84.2,93.6,,,,captive,alone,https://doi.org/10.1530/rep.1.00034,,,,,,,,,,
44,Giant Panda,Ailuropoda melanoleuca,Yes,2015-08-13,Yes,,,ESP,40.40935644,-3.760842546,1,13,13,,,EEJ,,96.15,2622.05,85,95.9,,,,captive,,https://doi.org/10.1111/and.12468,,,,,,,,,,
45,Giant Panda,Ailuropoda melanoleuca,Yes,1983-01-01,Yes,1979-06-06,1980-05-06,USA,38.92974494,-77.04973076,1,8,8,398.8666667,19.8443936,EEJ,3.225,67.5,245.8339372,77.5,,,,,captive,alone,https://doi.org/10.1530/jrf.0.0670009,,,,,,,,,,
46,Giant Panda,Ailuropoda melanoleuca,Yes,2003-08-06,Yes,1998-04-01,1999-05-12,multiple,multiple,multiple,3,5.5,22.5,139.5,,EEJ,6.5375,76.5,841.9535299,,,,,,captive,alone,https://doi.org/10.1002/zoo.10107open_in_new,,,,,,,,,,
47,Giant Anteater,Myrmecophaga tridactyla,Yes,2015-12-01,Yes,2012-10-01,2013-11-30,BRA,multiple,multiple,8,,,,,EEJ,0.75,75,108.5,58.1,,14.735,16.56,19.865,wild,,https://doi.org/10.1016/j.theriogenology.2015.07.041,,,,,,,,,,
48,Six-banded Armadillo,Euphractus sexcinctus,Yes,2013-08-01,Yes,,,BRA,-5.165722939,-37.16658137,4,,,,,EEJ,0.2792,65.8,757,89.4,59.5,3.2,0.9,6.8,captive,alone,https://doi.org/10.1016/j.anireprosci.2013.05.015,,,,,,,,,,
49,Crab-eating Fox,Cerdocyon thous,Yes,2020-10-01,Yes,2018-07-01,2019-08-01,BRA,-23.56954215,-46.73905272,5,3,5,2.15,,MT,0.3932,68,217.4,1,,73.1,34.15,6.1,captive,alone,https://doi.org/10.1016/j.theriogenology.2020.06.016,,,,,,,,,,
50,Arctic Fox,Vulpes lagopus,Yes,2018-07-31,,,,POL,,,9,1,5,,,MT,,70,200,93,,,,,captive,,https://doi.org/10.2478/aoas-2018-0023,,,,,,,,,,
51,Clouded Leopard,Neofelis nebulosa,Yes,1986-06-01,Yes,,,USA,38.92980339,-77.04977367,4,9,12,,,EEJ,0.64,71,27.5,60.9,,3.2,16.7,19.3,captive,alone,10.1095/biolreprod34.5.937,,,,,,,,,,
52,Clouded Leopard,Neofelis nebulosa,Yes,2016-12-01,Yes,2012-11-01,2015-03-31,THA,13.21498555,101.0570439,7,3,9,20.8,14.1,EEJ,0.4226,75.5,168.6,33.3,38.4,21.65,21.3,26.55,captive,alone,https://doi.org/10.1016/j.theriogenology.2016.07.020,,,,,,,,,,
53,Iberian Lynx,Lynx pardinus,Yes,2010-01-01,Yes,2005-01-01,2007-12-31,ESP,multiple,multiple,9,2,8,,,EEJ,0.3414,85.6,20.5,33,68.8,,,,captive,alone,https://doi.org/10.1530/REP-09-0259,,,,,,,,,,
54,Iberian Lynx,Lynx pardinus,Yes,2010-01-01,Yes,2006-01-01,2006-12-31,ESP,37.04292583,-6.434435975,4,4,11,,,EEJ,0.4702,58.3,10.1,25.9,49.9,,,,wild,,https://doi.org/10.1530/REP-09-0259,,,,,,,,,,
55,Three-banded Armadillo,Tolypeutes matacus,Yes,2002-10-16,Yes,,,USA,39.14281071,-84.50926875,3,,,,,EEJ,0.141.1,24.5,23,86.9,56.2,,,,captive,,https://doi.org/10.1002/zoo.10053,,,,,,,,,,
56,Painted Ring-tailed Possum,Pseudochirulus forbesi,No,,,,,,,,,,,,,,,,,,,,,,,,,,,,,,,,,,
57,Six-banded Armadillo,Euphractus sexcinctus,Yes,2016-08-01,Yes,,,BRA,-5.165722939,-37.16658137,4,,,,,EEJ,0.41,84.5,139.58,78,,4.6,2.2,14.5,captive,,https://doi.org/10.1590/S0100-736X2016000800015,,,,,,,,,,
58,Giant Anteater,Myrmecophaga tridactyla,Yes,2021-03-19,Yes,2009-03-16,2009-07-16,BRA,multiple,multiple,13,2,13,,,EEJ,1.28,28.3,129.4,36,83.7,28.6,20.7,14.7,captive,,https://doi.org/10.1002/zoo.21602,,,,,,,,,,
59,Dramatic White-toothed Shrew,Crocidura ludia,No,,,,,,,,,,,,,,,,,,,,,,,,,,,,,,,,,,
60,Indochinese White-toothed Shrew,Crocidura indochinensis,No,,,,,,,,,,,,,,,,,,,,,,,,,,,,,,,,,,
61,Mouflon,Ovis gmelinii,Yes,2014-10-01,Yes,,,ESP,40.45570807,-3.749399298,7,4,11,,,EEJ,,39.9,,35.1,90.6,,,,captive,,https://doi.org/10.1016/j.anireprosci.2014.07.003,,,,,,,,,,
62,Mouflon,Ovis gmelinii,Yes,2018-05-01,Yes,2014-12-01,2015-02-28,ESP,38.16213133,-2.719101604,16,,,,,EEJ,,61.25,,85.12,99.75,,,,wild,,https://doi.org/10.1016/j.anireprosci.2018.03.010,,,,,,,,,,
63,Chimpanzee,Pan troglodytes,Yes,1977-11-24,No,,,USA,33.80322704,-84.31803962,3,,,,,MT,,,,95.5,,3.5,0.2,0,captive,,https://doi.org/10.1038/270345a0,,,,,,,,,,
64,Human,Homo sapiens,Yes,1977-11-24,,,,,,,4,,,,,MT,,,,73,,5.7,0,0,,,https://doi.org/10.1038/270345a0,,,,,,,,,,
65,Western Gorilla,Gorilla gorilla,Yes,1977-11-24,No,,,USA,33.80322704,-84.31803962,2,,,,,EEJ,,,,98.5,,5.9,0.8,0,captive,,https://doi.org/10.1038/270345a0,,,,,,,,,,
66,Chimpanzee,Pan troglodytes,Yes,2012-09-27,Yes,,,FRA,46.50914412,3.625409455,2,,,,,MT,0.566666667,63.5,149,83,,6.666666667,0,10.33333333,captive,,https://doi.org/10.3390/ijms221910383,,,,,,,,,,
67,Western Gorilla,Gorilla gorilla,Yes,2005-08-15,Yes,,,USA,multiple,multiple,2,19,19,,,MT,0.355,41.85,210.3,25.75,,,,,captive,multiple,https://doi.org/10.1002/ajp.20158,,,,,,,,,,
68,Polar Bear,Ursus maritimus,Yes,2022-02-11,No,2011-01-01,2021-12-31,USA,,,17,3,32,,,multiple,0.13,57,329.55,35.3,,,,,captive,,https://doi.org/10.3390/ani12040430,,,,,,,,,,
69,Giraffe,Giraffa camelopardalis,Yes,2019-02-01,Yes,,,multiple,multiple,multiple,3,2,20,,,EPD,,27.25,,24.875,,53.5,34.5,13.625,captive,,https://doi.org/10.1007/s10344-019-1257-7,,,,,,,,,,
70,Giraffe,Giraffa camelopardalis,Yes,2022-03-29,No,,,,,,7,1,8,,,EPD,,80.66666667,,78,95.13333333,,,,captive,,https://doi.org/10.3390/ani12070857,,,,,,,,,,
71,Pale-throated Sloth,Bradypus tridactylus,Yes,2008-10-01,Yes,,,BRA,-3.101794413,-60.02498928,15,,,,,EEJ,0.045,,91.92857143,70.1,,12.15,5.15,12.6,wild,,https://doi.org/10.1016/j.tice.2008.03.001,,,,,,,,,,
72,American Bison,Bison bison,Yes,2009-09-15,Yes,,,CAN,,,14,,,,,EPD,,70,,52.4,,,,,captive,,https://doi.org/10.1111/j.1439-0531.2008.01087.x,,,,,,,,,,
73,Northern Montane Shrew,Sorex obscurus,No,,,,,,,,,,,,,,,,,,,,,,,,,,,,,,,,,,
74,Bobcat,Lynx rufus,Yes,2009-08-01,Yes,2004-04-01,2007-11-30,ESP,36.68899124,-6.150369561,4,3,8,,,EEJ,0.36269,55.71,24.4,14.67,43.66,,,,captive,alone,https://doi.org/10.1016/j.theriogenology.2009.03.002,,,,,,,,,,
75,Black-footed Ferret,Mustela nigripes,Yes,2006-08-01,Yes,,,USA,multiple,multiple,16,2,5,,,EEJ,0.0269,62.2,558.6,15.3,72.9,27.1,49.5,8.1,captive,alone,https://doi.org/10.1016/j.cryobiol.2006.03.009,,,,,,,,,,
76,Coyote,Canis latrans,Yes,2008-05-01,Yes,,,USA,41.65607114,-111.8178764,10,2,6,5,,EEJ,,60.24285714,279.6142857,61.97142857,,9.49,3.6,4.11,captive,,https://doi.org/10.1016/j.theriogenology.2008.01.010,,,,,,,,,,
77,Domestic Cat,Felis catus,Yes,2015-12-01,No,2011-01-01,2014-06-01,POL,51.11287783,17.06742903,214,0.666666667,6,,,multiple,0.0155,70.47647059,3257.8,49.45941423,,8.770292887,22.13849372,19.43179916,captive,,https://doi.org/10.1016/j.theriogenology.2015.08.005,,,,,,,,,,
78,Domestic Cat,Felis catus,Yes,2010-07-21,Yes,,,USA,38.88733457,-78.16510093,6,1.5,8,,,EEJ,0.16,73,306,45,88,7.9,56.35,23.2,captive,alone,10.1095/biolreprod.110.085639,,,,,,,,,,
79,,,Yes,,,,,,,,,,,,,,,,,,,,,,,,https://doi.org/10.1530/jrf.0.0720187,,,,,,,,,,
80,,,Yes,,,,,,,,,,,,,,,,,,,,,,,,https://doi.org/10.4102/koedoe.v18i1.919,,,,,,,,,,
81,,,Yes,,,,,,,,,,,,,,,,,,,,,,,,https://doi.org/10.1111/j.2047-2927.2013.00080.x,,,,,,,,,,
82,,,Yes,,,,,,,,,,,,,,,,,,,,,,,,https://doi.org/10.2164/jandrol.110.011460,,,,,,,,,,
83,,,Yes,,,,,,,,,,,,,,,,,,,,,,,,10.1016/j.theriogenology.2003.11.021,,,,,,,,,,
84,,,Yes,,,,,,,,,,,,,,,,,,,,,,,,https://doi.org/10.1016/S0093-691X(00)00237-5,,,,,,,,,,
85,,,Yes,,,,,,,,,,,,,,,,,,,,,,,,https://doi.org/10.1186/1477-7827-6-9,,,,,,,,,,
86,Cheetah,Acinonyx jubatus,Yes,1996-01-01,Yes,,,USA,,,5,,,,,EEJ,,,,11.9,82.8,,,,captive,,https://doi.org/10.1016/0093-691X(96)84714-5,,,,,,,,,,
87,Clouded Leopard,Neofelis nebulosa,Yes,2016-12-01,Yes,2012-11-01,2015-03-31,THA,13.21498555,101.0570439,4,2,11,20.8,14.1,EEJ,0.3944,79.2,196.6,40.9,47.9,20.8,17,24.1,captive,pair,https://doi.org/10.1016/j.theriogenology.2016.07.020,,,,,,,,,,
88,Iberian Ibex,Capra pyrenaica,Yes,2014-10-01,Yes,,,ESP,40.45570807,-3.749399298,11,3,11,,,EEJ,,26.9,,33.8,93.3,,,,captive,,https://doi.org/10.1016/j.anireprosci.2014.07.003,,,,,,,,,,
89,Fallow Deer,Dama dama,Yes,2018-05-01,Yes,2014-12-01,2015-02-28,ESP,38.16213133,-2.719101604,8,,,,,EEJ,,53.13,,88.12,99.26,,,,wild,,https://doi.org/10.1016/j.anireprosci.2018.03.010,,,,,,,,,,
90,Bonobo,Pan paniscus,Yes,1977-11-24,No,,,USA,33.80322704,-84.31803962,1,,,,,EEJ,,,,98,,1.5,0,0,captive,,https://doi.org/10.1038/270345a0,,,,,,,,,,
91,Bornean Orangutan,Pongo pygmaeus,Yes,1977-11-24,No,,,USA,33.80322704,-84.31803962,2,,,,,EEJ,,,,98.5,,0.3,0.5,0,captive,,https://doi.org/10.1038/270345a0,,,,,,,,,,
92,Northern Palm Civet,Paradoxurus hermaphroditus,No,,,,,,,,,,,,,,,,,,,,,,,,,,,,,,,,,,
93,Black Langur,Trachypithecus ebenus,No,,,,,,,,,,,,,,,,,,,,,,,,,,,,,,,,,,
94,Napo Saki,Pithecia napensis,No,,,,,,,,,,,,,,,,,,,,,,,,,,,,,,,,,,
95,Buff-footed Antechinus,Antechinus mysticus,No,,,,,,,,,,,,,,,,,,,,,,,,,,,,,,,,,,
96,Mountain Pygmy Possum,Burramys parvus,No,,,,,,,,,,,,,,,,,,,,,,,,,,,,,,,,,,
97,Polar Bear,Ursus maritimus,Yes,2014-09-01,Yes,,,USA,43.20501351,-77.6238437,1,22,22,,,EEJ,,85,,89,,,,,captive,pair,https://doi.org/10.1638/2013-0055R1.1,,,,,,,,,,
98,Sumatran Giant White-toothed Shrew,Crocidura lepidura,No,,,,,,,,,,,,,,,,,,,,,,,,,,,,,,,,,,
99,Sumatran Orangutan,Pongo abelii,No,,,,,,,,,,,,,,,,,,,,,,,,https://doi.org/10.1002/zoo.1430120303,,,,,,,,,,
100,Lavasoa Dwarf Lemur,Cheirogaleus lavasoensis,No,,,,,,,,,,,,,,,,,,,,,,,,,,,,,,,,,,
101,Makwassie White-toothed Shrew,Crocidura maquassiensis,No,,,,,,,,,,,,,,,,,,,,,,,,,,,,,,,,,,
102,Himalayan Takin,Budorcas taxicolor,No,,,,,,,,,,,,,,,,,,,,,,,,,,,,,,,,,,
103,Thalia's White-toothed Shrew,Crocidura thalia,No,,,,,,,,,,,,,,,,,,,,,,,,,,,,,,,,,,
104,Four-toed Rice Tenrec,Oryzorictes tetradactylus,No,,,,,,,,,,,,,,,,,,,,,,,,,,,,,,,,,,
105,Juliana's Golden Mole,Neamblysomus julianae,No,,,,,,,,,,,,,,,,,,,,,,,,,,,,,,,,,,
106,Chestnut-bellied Titi,Plecturocebus caligatus,No,,,,,,,,,,,,,,,,,,,,,,,,,,,,,,,,,,
107,Burmese Short-tailed Shrew,Blarinella wardi,No,,,,,,,,,,,,,,,,,,,,,,,,,,,,,,,,,,
108,White-tailed Jackrabbit,Lepus townsendii,No,,,,,,,,,,,,,,,,,,,,,,,,,,,,,,,,,,
109,Goodwin's Broad-clawed Shrew,Cryptotis goodwini,No,,,,,,,,,,,,,,,,,,,,,,,,,,,,,,,,,,
110,Moonshine White-toothed Shrew,Crocidura luna,No,,,,,,,,,,,,,,,,,,,,,,,,,,,,,,,,,,
111,Common Brush-tailed Possum,Trichosurus vulpecula,Yes,1998-02-01,Yes,1994-08-01,,NZL,-43.35457526,172.2902122,16,,,,,multiple,,,50,,,,,,wild,alone,https://doi.org/10.1016/S0165-0378(97)00076-4,,,,,,,,,,
112,Common Brush-tailed Possum,Trichosurus vulpecula,Yes,1991-01-01,Yes,,,AUS,-32.92822542,151.7815135,5,,,,,EEJ,,55,14.3,,,,,,wild,alone,https://doi.org/10.1071/RD9910119,,,,,,,,,,
113,Southern Hairy-nosed Wombat,Lasiorhinus latifrons,Yes,2006-02-28,Yes,1993-01-01,2000-12-31,AUS,-34.54991161,139.2800215,251,,,,,EEJ,2.775,70.5,5.3,,,,,,wild,,https://doi.org/10.1071/RD07128,,,,,,,,,,
114,Tasmanian Devil,Sarcophilus harrisii,Yes,2012-07-15,Yes,2007-07-01,2009-04-30,AUS,-43.08449188,147.798333,34,1.5,4,,,EPD,,47.91666667,,63,,,,,wild,,https://doi.org/10.1016/j.theriogenology.2012.02.005,,,,,,,,,,
115,Unduavi Mouse Opossum,Cryptonanus unduaviensis,No,,,,,,,,,,,,,,,,,,,,,,,,,,,,,,,,,,
116,Ussuri Mole,Mogera robusta,No,,,,,,,,,,,,,,,,,,,,,,,,,,,,,,,,,,
117,Nyiro White-toothed Shrew,Crocidura macowi,No,,,,,,,,,,,,,,,,,,,,,,,,,,,,,,,,,,
118,Tammar Wallaby,Notamacropus eugenii,Yes,1996-01-01,Yes,,,AUS,-35.28103213,149.128869,4,,,,,EEJ,,38.75,,,,,,,captive,,https://doi.org/10.1071/RD9960681,,,,,,,,,,
119,Lowland Streaked Tenrec,Hemicentetes semispinosus,No,,,,,,,,,,,,,,,,,,,,,,,,,,,,,,,,,,
120,Guadalupe Fur Seal,Arctocephalus townsendi,No,,,,,,,,,,,,,,,,,,,,,,,,,,,,,,,,,,
121,Bearded Seal,Erignathus barbatus,No,,,,,,,,,,,,,,,,,,,,,,,,,,,,,,,,,,
122,Southern Ningaui,Ningaui yvonneae,No,,,,,,,,,,,,,,,,,,,,,,,,,,,,,,,,,,
123,Volcano Forest Shrew,Sylvisorex vulcanorum,No,,,,,,,,,,,,,,,,,,,,,,,,,,,,,,,,,,
124,Bay Cat,Catopuma badia,No,,,,,,,,,,,,,,,,,,,,,,,,,,,,,,,,,,
125,Sand Cat,Felis margarita,Yes,2010-01-15,Yes,,,USA,,,11,2,13,1.7,,EEJ,0.199690476,78.2047619,208.1714286,40.64761905,92.89047619,,41.81428571,11.23333333,captive,,https://doi.org/10.1016/j.ygcen.2009.06.021,,,,,,,,,,
126,Black-footed Cat,Felis nigripes,Yes,2010-01-15,Yes,,,USA,,,8,1,11,1.8,,EEJ,0.239853846,83.84615385,139.8076923,47.09230769,90.92307692,,25.57692308,24.64615385,captive,,https://doi.org/10.1016/j.ygcen.2009.06.021,,,,,,,,,,
127,Black-footed Cat,Felis nigripes,Yes,2010-03-01,Yes,,,USA,,,3,,,,,EEJ,,85,,47.2,94.4,,,,captive,,https://doi.org/10.1095/biolreprod.109.081034,,,,,,,,,,
128,Sand Cat,Felis margarita,Yes,2010-03-01,Yes,,,USA,,,5,,,,,EEJ,,78.6,,40,94,,,,captive,,https://doi.org/10.1095/biolreprod.109.081034,,,,,,,,,,
129,Jungle Cat,Felis chaus,Yes,2017-03-15,Yes,,,IRN,35.7186258,51.29367567,5,3,8,,,UC,0.069,77.13,75.13,73.8,,,,,captive,,https://doi.org/10.1016/j.theriogenology.2016.12.034,,,,,,,,,,
130,Pallas's Cat,Otocolobus manul,Yes,1996-06-01,Yes,,,USA,38.88717425,-78.16530161,1,8,10,0.9,,EEJ,0.2,,63.4,49,,,,,captive,alone,https://www.jstor.org/stable/20095570,Influence of Seasonality on Reproductive Traits of the Male Pallas' Cat (Felis manul) and Implications for Captive Management,,,,,,,,,
131,Pallas's Cat,Otocolobus manul,Yes,2006-09-01,Yes,2000-12-14,2003-04-18,USA,39.14279823,-84.5092902,4,2,8,,,EEJ,0.071491071,,10,,94.8,,,,captive,alone,https://doi.org/10.1638/05-073.1,,,,,,,,,,
132,Pallas's Cat,Otocolobus manul,Yes,2007-04-27,Yes,2000-12-01,2001-06-30,USA,35.78521771,-78.68122534,4,2,8,2.45,,EEJ,0.099,,21.025,38.95,,,,,captive,,https://doi.org/10.1002/zoo.20127,,,,,,,,,,
133,Vicuna,Lama vicugna,No,,,,,,,,,,,,,,,,,,,,,,,,https://doi.org/10.1016/0378-4320(93)90121-7,,,,,,,,,,
134,Marsh Deer,Blastocerus dichotomus,No,,,,,,,,,,,,,,,,,,,,,,,,,,,,,,,,,,
135,Red-bellied Tamarin,Saguinus labiatus,No,,,,,,,,,,,,,,,,,,,,,,,,,,,,,,,,,,
136,Indian Brown Mongoose,Urva fusca,No,,,,,,,,,,,,,,,,,,,,,,,,,,,,,,,,,,
137,Greater Bilby,Macrotis lagotis,No,,,,,,,,,,,,,,,,,,,,,,,,,,,,,,,,,,
138,Chestnut-bellied Shrew,Sorex ventralis,No,,,,,,,,,,,,,,,,,,,,,,,,,,,,,,,,,,
139,Yucatan Brown Brocket,Odocoileus pandora,No,,,,,,,,,,,,,,,,,,,,,,,,,,,,,,,,,,
140,Vietnamese Water Shrew,Chimarrogale varennei,No,,,,,,,,,,,,,,,,,,,,,,,,,,,,,,,,,,
141,Amazon Weasel,Neogale africana,No,,,,,,,,,,,,,,,,,,,,,,,,,,,,,,,,,,
142,Spotted-necked Otter,Hydrictis maculicollis,No,,,,,,,,,,,,,,,,,,,,,,,,,,,,,,,,,,
143,Demidoff's Dwarf Galago,Galagoides demidoff,No,,,,,,,,,,,,,,,,,,,,,,,,,,,,,,,,,,
144,Black-fronted Duiker,Cephalophorus nigrifrons,No,,,,,,,,,,,,,,,,,,,,,,,,,,,,,,,,,,
145,Groves's Titi,Plecturocebus grovesi,No,,,,,,,,,,,,,,,,,,,,,,,,,,,,,,,,,,
146,True's Beaked Whale,Mesoplodon mirus,No,,,,,,,,,,,,,,,,,,,,,,,,,,,,,,,,,,
147,Wilkins's Rock Wallaby,Petrogale wilkinsi,No,,,,,,,,,,,,,,,,,,,,,,,,,,,,,,,,,,
148,Hose's Palm Civet,Diplogale hosei,No,,,,,,,,,,,,,,,,,,,,,,,,,,,,,,,,,,
149,European Rabbit,Oryctolagus cuniculus,Yes,2006-03-21,Yes,2002-04-01,2003-08-31,GBR,multiple,multiple,112,,,,,EPD,,,,86.33333333,,,,,wild,,https://doi.org/10.1016/j.cub.2006.02.059,,,,,,,,,,
150,European Rabbit,Oryctolagus cuniculus,Yes,2020-06-20,Yes,,,,,,,,,,,,,,,,,,,,,,https://doi.org/10.15381/rivep.v31i2.17857,Spanish,,,,,,,,,
151,European Rabbit,Oryctolagus cuniculus,Yes,2023-04-07,Yes,,,CHN,34.43955453,117.9985897,20,0.666666667,0.666666667,,,AV,0.865,79.005,441.5,85.665,,,,,captive,male group,https://doi.org/10.7717/peerj.15112,,,,,,,,,,
152,European Rabbit,Oryctolagus cuniculus,Yes,2017-10-01,Yes,,,EGY,31.21068577,29.91305977,20,0.5,0.5,,,AV,0.43,44.31,47.755,82.6425,,,,,captive,alone,https://doi.org/10.21451/1984-3143-AR808,,,,,,,,,,
153,European Rabbit,Oryctolagus cuniculus,Yes,2012-12-01,Yes,,,,,,,,,,,,,,,,,,,,,,https://doi.org/10.1590/S0102-09352012000600023,Portuguese,,,,,,,,,
154,European Rabbit,Oryctolagus cuniculus,Yes,2006-03-01,Yes,,,,,,15,,,,,AV,,73.3,103,,71.7,,,,captive,alone,https://doi.org/10.1016/j.theriogenology.2005.06.010,,,,,,,,,,
155,European Rabbit,Oryctolagus cuniculus,Yes,2019-01-19,Yes,,,COD,-2.541632719,28.85925757,24,,,,,EPD,,77.77666667,445.6666667,85.28333333,,,,,captive,alone,https://doi.org/10.1007/s11250-019-01808-2,,,,,,,,,,
156,European Rabbit,Oryctolagus cuniculus,Yes,2019-11-01,Yes,,,ESP,42.58591699,-5.825979095,550,0.402739726,2,,,AV,0.735,59.005,123.8,65.5,,,,,captive,,https://doi.org/10.1016/j.theriogenology.2019.07.014,,,,,,,,,,
157,Peleng Tarsier,Tarsius pelengensis,No,,,,,,,,,,,,,,,,,,,,,,,,,,,,,,,,,,
158,Colombian Weasel,Neogale felipei,No,,,,,,,,,,,,,,,,,,,,,,,,,,,,,,,,,,
159,Cape Genet,Genetta tigrina,No,,,,,,,,,,,,,,,,,,,,,,,,,,,,,,,,,,
160,Indian Chevrotain,Moschiola indica,No,,,,,,,,,,,,,,,,,,,,,,,,,,,,,,,,,,
161,Sumatran Water Shrew,Chimarrogale sumatrana,No,,,,,,,,,,,,,,,,,,,,,,,,,,,,,,,,,,
162,Medellin Small-eared Shrew,Cryptotis medellinius,No,,,,,,,,,,,,,,,,,,,,,,,,,,,,,,,,,,
163,Pantepui Slender Opossum,Marmosops pakaraimae,No,,,,,,,,,,,,,,,,,,,,,,,,,,,,,,,,,,
164,Mitered Langur,Presbytis mitrata,No,,,,,,,,,,,,,,,,,,,,,,,,,,,,,,,,,,
165,Pygmy Ring-tailed Possum,Pseudochirulus mayeri,No,,,,,,,,,,,,,,,,,,,,,,,,,,,,,,,,,,
166,Abbott's Duiker,Cephalophus spadix,No,,,,,,,,,,,,,,,,,,,,,,,,,,,,,,,,,,
167,Nigerian White-toothed Shrew,Crocidura nigeriae,No,,,,,,,,,,,,,,,,,,,,,,,,,,,,,,,,,,
168,Dabieshan Brown-toothed Shrew,Chodsigoa dabieshanensis,No,,,,,,,,,,,,,,,,,,,,,,,,,,,,,,,,,,
169,Fin Whale,Balaenoptera physalus,No,,,,,,,,,,,,,,,,,,,,,,,,,,,,,,,,,,
170,Common Dwarf Mongoose,Helogale parvula,No,,,,,,,,,,,,,,,,,,,,,,,,,,,,,,,,,,
171,Chinese Mountain Cat,Felis bieti,No,,,,,,,,,,,,,,,,,,,,,,,,,,,,,,,,,,
172,East Sumatran Banded Langur,Presbytis percura,No,,,,,,,,,,,,,,,,,,,,,,,,,,,,,,,,,,
173,Southern Colocolo,Leopardus pajeros,No,,,,,,,,,,,,,,,,,,,,,,,,,,,,,,,,,,
174,Black-horned Capuchin,Sapajus nigritus,No,,,,,,,,,,,,,,,,,,,,,,,,,,,,,,,,,,
175,Emilie's Short-tailed Opossum,Monodelphis emiliae,No,,,,,,,,,,,,,,,,,,,,,,,,,,,,,,,,,,
176,Montagne d'Ambre Dwarf Lemur,Cheirogaleus andysabini,No,,,,,,,,,,,,,,,,,,,,,,,,,,,,,,,,,,
177,Weddell's Saddle-back Tamarin,Saguinus weddelli,No,,,,,,,,,,,,,,,,,,,,,,,,,,,,,,,,,,
178,Australian Humpback Dolphin,Sousa sahulensis,No,,,,,,,,,,,,,,,,,,,,,,,,,,,,,,,,,,
179,Urubamba Brown Titi,Plecturocebus urubambensis,No,,,,,,,,,,,,,,,,,,,,,,,,,,,,,,,,,,
180,Northern Raccoon,Procyon lotor,Yes,2020-12-29,Yes,2017-11-01,2020-03-31,JPN,37.50092743,140.9884321,12,,,,,,,,,,7.625,,,,,,https://doi.org/10.1111/rda.13887,,,,,,,,,,
181,Omilteme Cottontail,Sylvilagus insonus,No,,,,,,,,,,,,,,,,,,,,,,,,,,,,,,,,,,
182,Swamp Wallaby,Wallabia bicolor,No,,,,,,,,,,,,,,,,,,,,,,,,,,,,,,,,,,
183,Mandrill,Mandrillus sphinx,No,,,,,,,,,,,,,,,,,,,,,,,,,,,,,,,,,,
184,Hairy-tailed White-toothed Shrew,Crocidura caudipilosa,No,,,,,,,,,,,,,,,,,,,,,,,,,,,,,,,,,,
185,Hernández-Camacho's Night Monkey,Aotus jorgehernandezi,No,,,,,,,,,,,,,,,,,,,,,,,,,,,,,,,,,,
186,Putty-nosed Monkey,Cercopithecus nictitans,No,,,,,,,,,,,,,,,,,,,,,,,,,,,,,,,,,,
187,Subantarctic Fur Seal,Arctocephalus tropicalis,No,,,,,,,,,,,,,,,,,,,,,,,,,,,,,,,,,,
188,Lion,Panthera leo,Yes,1991-01-01,Yes,1996-01-01,,TZA,multiple,multiple,34,1.4,9.8,67.15294118,,EEJ,4.411764706,72.5,11.18571429,49.25714286,,2.942857143,33.23571429,14.49285714,wild,family,https://doi.org/10.1530/jrf.0.0910029,,,,,,,,,,
189,Lion,Panthera leo,Yes,1998-11-10,Yes,,,IND,multiple,multiple,5,,,,,EEJ,,61.42,,,,,,,,,https://www.jstor.org/stable/24101668,Cryopreservation of semen of tigers and lions: Computerized analysis of the motility parameters of the spermatozoa,,,,,,,,,
190,Tiger,Panthera tigris,Yes,1998-11-10,Yes,,,IND,multiple,multiple,11,,,,,EEJ,,53.75,,,,,,,,,https://www.jstor.org/stable/24101668,Cryopreservation of semen of tigers and lions: Computerized analysis of the motility parameters of the spermatozoa,,,,,,,,,
191,Evaristo's Small-eared Shrew,Cryptotis evaristoi,No,,,,,,,,,,,,,,,,,,,,,,,,,,,,,,,,,,
192,Raffles's Banded Langur,Presbytis femoralis,No,,,,,,,,,,,,,,,,,,,,,,,,,,,,,,,,,,
193,Cayman Nesophontes,Nesophontes hemicingulus,No,,,,,,,,,,,,,,,,,,,,,,,,,,,,,,,,,,
194,Armenian White-toothed Shrew,Crocidura armenica,No,,,,,,,,,,,,,,,,,,,,,,,,,,,,,,,,,,
195,Bawean Deer,Axis kuhlii,No,,,,,,,,,,,,,,,,,,,,,,,,,,,,,,,,,,
196,Lesser Congo Shrew,Congosorex verheyeni,No,,,,,,,,,,,,,,,,,,,,,,,,,,,,,,,,,,
197,Blue-eyed Black Lemur,Eulemur flavifrons,No,,,,,,,,,,,,,,,,,,,,,,,,,,,,,,,,,,
198,Akaibe's Forest Shrew,Sylvisorex akaibei,No,,,,,,,,,,,,,,,,,,,,,,,,,,,,,,,,,,
199,Tucuxi,Sotalia fluviatilis,No,,,,,,,,,,,,,,,,,,,,,,,,,,,,,,,,,,
200,Central African Potto,Perodicticus edwardsi,No,,,,,,,,,,,,,,,,,,,,,,,,,,,,,,,,,,
201,Buton Macaque,Macaca brunnescens,No,,,,,,,,,,,,,,,,,,,,,,,,,,,,,,,,,,
202,Howell's Forest Shrew,Sylvisorex howelli,No,,,,,,,,,,,,,,,,,,,,,,,,,,,,,,,,,,
203,Harbor Porpoise,Phocoena phocoena,No,,,,,,,,,,,,,,,,,,,,,,,,,,,,,,,,,,
204,Hidden Brown-toothed Shrew,Episoriculus umbrinus,No,,,,,,,,,,,,,,,,,,,,,,,,,,,,,,,,,,
205,Calamian Deer,Axis calamianensis,No,,,,,,,,,,,,,,,,,,,,,,,,,,,,,,,,,,
206,Thomas's Silky Anteater,Cyclopes thomasi,No,,,,,,,,,,,,,,,,,,,,,,,,,,,,,,,,,,
207,Blond Capuchin,Sapajus flavius,No,,,,,,,,,,,,,,,,,,,,,,,,,,,,,,,,,,
208,Brooke's Duiker,Cephalophorus brookei,No,,,,,,,,,,,,,,,,,,,,,,,,,,,,,,,,,,
209,Black-shanked Douc,Pygathrix nigripes,No,,,,,,,,,,,,,,,,,,,,,,,,,,,,,,,,,,
210,Gray-shanked Douc,Pygathrix cinerea,No,,,,,,,,,,,,,,,,,,,,,,,,,,,,,,,,,,
211,Desert Bandicoot,Perameles eremiana,No,,,,,,,,,,,,,,,,,,,,,,,,,,,,,,,,,,
212,Asian Small-clawed Otter,Lutra cinerea,No,,,,,,,,,,,,,,,,,,,,,,,,,,,,,,,,,,
213,Black-and-rufous Sengi,Rhynchocyon petersi,No,,,,,,,,,,,,,,,,,,,,,,,,,,,,,,,,,,
214,Handley's Slender Opossum,Marmosops handleyi,No,,,,,,,,,,,,,,,,,,,,,,,,,,,,,,,,,,
215,Red Slender Loris,Loris tardigradus,No,,,,,,,,,,,,,,,,,,,,,,,,,,,,,,,,,,
216,Banded Hare Wallaby,Lagostrophus fasciatus,No,,,,,,,,,,,,,,,,,,,,,,,,,,,,,,,,,,
217,Lesula,Cercopithecus lomamiensis,No,,,,,,,,,,,,,,,,,,,,,,,,,,,,,,,,,,
218,Eastern Red Panda,Ailurus styani,No,,,,,,,,,,,,,,,,,,,,,,,,,,,,,,,,,,
219,Manchurian Pika,Ochotona mantchurica,No,,,,,,,,,,,,,,,,,,,,,,,,,,,,,,,,,,
220,Perija Small-eared Shrew,Cryptotis perijensis,No,,,,,,,,,,,,,,,,,,,,,,,,,,,,,,,,,,
221,Rio Acarí Marmoset,Mico acariensis,No,,,,,,,,,,,,,,,,,,,,,,,,,,,,,,,,,,
222,White-tailed Mole,Parascaptor leucurus,No,,,,,,,,,,,,,,,,,,,,,,,,,,,,,,,,,,
223,Papuan Planigale,Planigale novaeguineae,No,,,,,,,,,,,,,,,,,,,,,,,,,,,,,,,,,,
224,Dice's Cottontail,Sylvilagus dicei,No,,,,,,,,,,,,,,,,,,,,,,,,,,,,,,,,,,
225,Rio Juruá Collared Titi,Cheracebus regulus,No,,,,,,,,,,,,,,,,,,,,,,,,,,,,,,,,,,
226,Tanzanian White-toothed Shrew,Crocidura tansaniana,No,,,,,,,,,,,,,,,,,,,,,,,,,,,,,,,,,,
227,Malay Weasel,Mustela nudipes,No,,,,,,,,,,,,,,,,,,,,,,,,,,,,,,,,,,
228,Nepalese Brown-toothed Shrew,Episoriculus soluensis,No,,,,,,,,,,,,,,,,,,,,,,,,,,,,,,,,,,
229,Equivalent-teeth Shrew Mole,Uropsilus aequodonenia,No,,,,,,,,,,,,,,,,,,,,,,,,,,,,,,,,,,
230,Ihering's Three-striped Opossum,Monodelphis iheringi,No,,,,,,,,,,,,,,,,,,,,,,,,,,,,,,,,,,
231,Kakadu Dunnart,Sminthopsis bindi,No,,,,,,,,,,,,,,,,,,,,,,,,,,,,,,,,,,
232,Short-tailed Mongoose,Urva brachyura,No,,,,,,,,,,,,,,,,,,,,,,,,,,,,,,,,,,
233,Wolf's Monkey,Cercopithecus wolfi,No,,,,,,,,,,,,,,,,,,,,,,,,,,,,,,,,,,
234,Eastern Tree Hyrax,Dendrohyrax validus,No,,,,,,,,,,,,,,,,,,,,,,,,,,,,,,,,,,
235,Red-bellied Lemur,Eulemur rubriventer,No,,,,,,,,,,,,,,,,,,,,,,,,,,,,,,,,,,
236,Phu Quoc White-toothed Shrew,Crocidura phuquocensis,No,,,,,,,,,,,,,,,,,,,,,,,,,,,,,,,,,,
237,Yellow Mongoose,Cynictis penicillata,No,,,,,,,,,,,,,,,,,,,,,,,,,,,,,,,,,,
238,Fawn Antechinus,Antechinus bellus,No,,,,,,,,,,,,,,,,,,,,,,,,,,,,,,,,,,
239,Canarian White-toothed Shrew,Crocidura canariensis,No,,,,,,,,,,,,,,,,,,,,,,,,,,,,,,,,,,
240,Tate's Striped Possum,Dactylopsila tatei,No,,,,,,,,,,,,,,,,,,,,,,,,,,,,,,,,,,
241,Broad-striped Dasyure,Murexia rothschildi,No,,,,,,,,,,,,,,,,,,,,,,,,,,,,,,,,,,
242,Iranian Pika,Ochotona vizier,No,,,,,,,,,,,,,,,,,,,,,,,,,,,,,,,,,,
243,Black Four-eyed Opossum,Philander nigratus,No,,,,,,,,,,,,,,,,,,,,,,,,,,,,,,,,,,
244,Grivet Monkey,Chlorocebus aethiops,Yes,2018-08-01,Yes,,,ZAF,-33.91571811,18.60449425,10,6,10,,,EEJ,0.7,57.4,72.4,,,,,,captive,breeding group,https://doi.org/10.1111/jmp.12349,,,,,,,,,,
245,Rhesus Macaque,Macaca mulatta,Yes,2018-08-01,Yes,,,ZAF,-33.91571811,18.60449425,10,8,14,,,EEJ,0.4,69.2,193.6,,,,,,captive,multiple,https://doi.org/10.1111/jmp.12349,,,,,,,,,,
246,Grivet Monkey,Chlorocebus aethiops,Yes,2022-07-25,Yes,,,ZAF,-33.91571811,18.60449425,10,6,10,,,EEJ,0.904285714,49.61428571,64.44285714,90,97,,,,both,breeding group,https://doi.org/10.1111/rda.14216,,,,,,,,,,
247,Grivet Monkey,Chlorocebus aethiops,Yes,1994-07-01,Yes,,,ZAF,-33.91571811,18.60449425,10,,,,,EEJ,,,,,61.2,,,,,,https://doi.org/10.1111/j.1600-0684.1994.tb00291.x,,,,,,,,,,
248,Grivet Monkey,Chlorocebus aethiops,Yes,1989-01-01,Yes,,,ZAF,-33.91571811,18.60449425,50,,,,,EEJ,0.655,49.52,151.075,95.25,,,,,both,,https://doi.org/10.1258/002367789780887019,,,,,,,,,,
249,Grivet Monkey,Chlorocebus aethiops,Yes,1996-12-01,Yes,,,ZAF,-33.91571811,18.60449425,14,,,,,EEJ,,,,61.04,,1.64,8,29.32,captive,alone,https://doi.org/10.1111/j.1600-0684.1996.tb00035.x,,,,,,,,,,
250,Grivet Monkey,Chlorocebus aethiops,Yes,1996-12-01,Yes,,,ZAF,-33.91571811,18.60449425,14,,,,,EEJ,,,,59.49,,1.15,10,29.36,wild,alone,https://doi.org/10.1111/j.1600-0684.1996.tb00035.x,,,,,,,,,,
251,Nile Lechwe,Kobus megaceros,No,,,,,,,,,,,,,,,,,,,,,,,,,,,,,,,,,,
252,Bryde's Whale,Balaenoptera brydei,Yes,2004-01-01,Yes,2001-05-01,2001-08-31,JPN,42.87691734,143.1740628,14,,,,,EPD,,5,51.3,62.5,,,,,wild,,https://doi.org/10.1262/jrd.50.419,,,,,,,,,,
253,Greater Forest Shrew,Sylvisorex ollula,No,,,,,,,,,,,,,,,,,,,,,,,,,,,,,,,,,,
254,Heather White-toothed Shrew,Crocidura erica,No,,,,,,,,,,,,,,,,,,,,,,,,,,,,,,,,,,
255,Giant Solenodon,Solenodon arredondoi,No,,,,,,,,,,,,,,,,,,,,,,,,,,,,,,,,,,
256,Caucasian Pygmy Shrew,Sorex volnuchini,No,,,,,,,,,,,,,,,,,,,,,,,,,,,,,,,,,,
257,Pygmy Three-toed Sloth,Bradypus pygmaeus,No,,,,,,,,,,,,,,,,,,,,,,,,,,,,,,,,,,
258,Alpine Pika,Ochotona alpina,No,,,,,,,,,,,,,,,,,,,,,,,,,,,,,,,,,,
259,Snethlage's Marmoset,Mico emiliae,No,,,,,,,,,,,,,,,,,,,,,,,,,,,,,,,,,,
260,Cat Ba Langur,Trachypithecus poliocephalus,No,,,,,,,,,,,,,,,,,,,,,,,,,,,,,,,,,,
261,Sierra Shrew,Sorex madrensis,No,,,,,,,,,,,,,,,,,,,,,,,,,,,,,,,,,,
262,Greater White-toothed Shrew,Crocidura russula,No,,,,,,,,,,,,,,,,,,,,,,,,,,,,,,,,,,
263,Northern Pygmy Slow Loris,Xanthonycticebus intermedius,No,,,,,,,,,,,,,,,,,,,,,,,,,,,,,,,,,,
264,Woodlark Cuscus,Phalanger lullulae,No,,,,,,,,,,,,,,,,,,,,,,,,,,,,,,,,,,
265,White-tailed Sengi,Rhynchocyon stuhlmanni,No,,,,,,,,,,,,,,,,,,,,,,,,,,,,,,,,,,
266,Sardinian Pika,Prolagus sardus,No,,,,,,,,,,,,,,,,,,,,,,,,,,,,,,,,,,
267,Small-toothed Ferret-badger,Melogale moschata,No,,,,,,,,,,,,,,,,,,,,,,,,,,,,,,,,,,
268,Common Brush-tailed Phascogale,Phascogale tapoatafa,No,,,,,,,,,,,,,,,,,,,,,,,,,,,,,,,,,,
269,Northern Black-eared Opossum,Didelphis marsupialis,No,,,,,,,,,,,,,,,,,,,,,,,,,,,,,,,,,,
270,Hiller's Slow Loris,Nycticebus hilleri,No,,,,,,,,,,,,,,,,,,,,,,,,,,,,,,,,,,
271,White-fronted Brown Lemur,Eulemur albifrons,No,,,,,,,,,,,,,,,,,,,,,,,,,,,,,,,,,,
272,Malaysian Mole,Euroscaptor malayanus,No,,,,,,,,,,,,,,,,,,,,,,,,,,,,,,,,,,
273,Bontebok,Damaliscus pygargus,Yes,1996-04-01,Yes,,,ZAF,,,3,,,,,EPD,,91.66666667,873.3333333,94,,,,,wild,,https://doi.org/10.1016/0378-4320(96)01545-X,,,,,,,,,,
274,Impala,Aepyceros melampus,Yes,1996-04-01,Yes,,,ZAF,,,3,,,,,EPD,,86.66666667,330,90.66666667,,,,,wild,,https://doi.org/10.1016/0378-4320(96)01545-X,,,,,,,,,,
275,Springbok,Antidorcas marsupialis,Yes,1996-04-01,Yes,,,ZAF,,,3,,,,,EPD,,83.33333333,603.3333333,94.66666667,,,,,wild,,https://doi.org/10.1016/0378-4320(96)01545-X,,,,,,,,,,
276,Addax,Addax nasomaculatus,Yes,,,,,,,,,,,,,,,,,,,,,,,,https://doi.org/10.4067/S0717-95022016000100039,Spanish,,,,,,,,,
277,Springbok,Antidorcas marsupialis,Yes,2011-07-01,Yes,,,ZAF,,,19,,,,,EPD,,,,13,,,78,9,wild,,https://doi.org/10.1002/zoo.10079,,,,,,,,,,
278,Impala,Aepyceros melampus,Yes,2011-07-01,Yes,,,ZAF,,,12,,,,,EPD,,,,19,,,79,4,wild,,https://doi.org/10.1002/zoo.10079,,,,,,,,,,
279,Bontebok,Damaliscus pygargus,Yes,2011-07-01,Yes,,,ZAF,,,21,,,,,EPD,,,,8,,,89,0,wild,,https://doi.org/10.1002/zoo.10079,,,,,,,,,,
280,Aoudad,Ammotragus lervia,Yes,2008-07-17,Yes,,,MEX,20.65484821,-101.3314885,2,2,4,,,EEJ,2,90,2005,96,90,,,,captive,,https://doi.org/10.1007/s10344-008-0207-6,,,,,,,,,,
281,Bighorn Sheep,Ovis canadensis,Yes,2008-07-17,Yes,,,MEX,19.42331472,-99.18950415,3,3,5,,,EEJ,1.4,84,2165,92,92,,,,captive,,https://doi.org/10.1007/s10344-008-0207-6,,,,,,,,,,
282,Mouflon,Ovis gmelinii,Yes,2008-07-17,Yes,,,MEX,20.65484821,-101.3314885,2,3,6,,,EEJ,1.2,85,2507.5,95,96,,,,captive,,https://doi.org/10.1007/s10344-008-0207-6,,,,,,,,,,
283,Common Fallow Deer,Dama dama,Yes,2008-07-17,Yes,,,MEX,20.65484821,-101.3314885,2,2,2,,,EEJ,1.3,83,2079.230769,90,90.5,,,,captive,,https://doi.org/10.1007/s10344-008-0207-6,,,,,,,,,,
284,Blue Wildebeest,Connochaetes taurinus,Yes,2008-07-17,Yes,,,MEX,20.65484821,-101.3314885,1,,,,,EPD,0.6,70,5331.666667,74,92,,,,captive,,https://doi.org/10.1007/s10344-008-0207-6,,,,,,,,,,
285,Dama Gazelle,Nanger dama,Yes,2016-12-01,Yes,,,USA,multiple,multiple,9,2,4,,,EEJ,3.2,75.8,1200,57.1,92.5,,,,captive,multiple,https://doi.org/10.1016/j.cryobiol.2016.08.012,,,,,,,,,,
286,Scimitar-horned Oryx,Oryx dammah,Yes,1998-02-01,Yes,,,,,,6,3,14,,,EEJ,7.7,77.5,780,76,,,,,captive,alone,https://doi.org/10.1095/biolreprod58.2.475,,,,,,,,,,
287,Beisa Oryx,Oryx beisa,Yes,2001-10-01,Yes,,,,,,2,4,8,,,EEJ,2.66,84.2,260.5,70.45,63.2,,,,,,https://doi.org/10.1095/biolreprod65.4.1246,,,,,,,,,,
288,Gerenuk,Litocranius walleri,Yes,2005-11-02,Yes,,,USA,multiple,multiple,10,3,6,,,EEJ,1.75,60,387,40,,7,31.1,16,captive,multiple,https://doi.org/10.1071/RD05077,,,,,,,,,,
289,Gerenuk,Litocranius walleri,Yes,2005-11-02,Yes,,,KEN,0.317942587,36.9765551,6,,,,,EEJ,0.9,46,1146.8,40,,10.2,43.5,5.2,wild,,https://doi.org/10.1071/RD05077,,,,,,,,,,
290,Pronghorn,Antilocapra americana,No,,,,,,,,,,,,,,,,,,,,,,,,,,,,,,,,,,
291,Southern Pygmy Marmoset,Cebuella niveiventris,No,,,,,,,,,,,,,,,,,,,,,,,,,,,,,,,,,,
292,Northern Common Cuscus,Phalanger orientalis,No,,,,,,,,,,,,,,,,,,,,,,,,,,,,,,,,,,
293,Six-banded Armadillo,Euphractus sexcinctus,Yes,2011-09-01,Yes,,,BRA,-5.166559842,-37.16664525,4,,,,,EEJ,0.2792,65.8,757,89.5,,,,,captive,alone,https://doi.org/10.1016/j.theriogenology.2011.03.015,,,,,,,,,,
294,Six-banded Armadillo,Euphractus sexcinctus,Yes,2010-04-01,Yes,2007-08-01,2008-03-31,BRA,-5.166559842,-37.16664525,6,,,,,EEJ,0.353,61,45,86,99,,,,captive,alone,https://doi.org/10.1016/j.anireprosci.2009.08.012,,,,,,,,,,
295,Six-banded Armadillo,Euphractus sexcinctus,Yes,2016-11-01,Yes,,,BRA,-5.208103372,-37.32326463,4,3.5,3.5,,,EEJ,0.2791,65.8,37.8,89.2,,,,,captive,alone,https://doi.org/10.1590/1678-4162-8811,,,,,,,,,,
296,Black-tailed Marmoset,Mico melanurus,No,,,,,,,,,,,,,,,,,,,,,,,,,,,,,,,,,,
297,Kashmir White-toothed Shrew,Crocidura pullata,No,,,,,,,,,,,,,,,,,,,,,,,,,,,,,,,,,,
298,Hewitt's Red Rock Hare,Pronolagus saundersiae,No,,,,,,,,,,,,,,,,,,,,,,,,,,,,,,,,,,
299,Bat-eared Fox,Otocyon megalotis,No,,,,,,,,,,,,,,,,,,,,,,,,,,,,,,,,,,
300,Arnoux's Beaked Whale,Berardius arnuxii,No,,,,,,,,,,,,,,,,,,,,,,,,,,,,,,,,,,
301,Harenna White-toothed Shrew,Crocidura harenna,No,,,,,,,,,,,,,,,,,,,,,,,,,,,,,,,,,,
302,Eastern Pygmy Shrew,Sorex hoyi,No,,,,,,,,,,,,,,,,,,,,,,,,,,,,,,,,,,
303,Shinto Shrew,Sorex shinto,No,,,,,,,,,,,,,,,,,,,,,,,,,,,,,,,,,,
304,Western Quoll,Dasyurus geoffroii,No,,,,,,,,,,,,,,,,,,,,,,,,,,,,,,,,,,
305,Indochinese Gray Langur,Trachypithecus crepusculus,No,,,,,,,,,,,,,,,,,,,,,,,,,,,,,,,,,,
306,Siau Island Tarsier,Tarsius tumpara,No,,,,,,,,,,,,,,,,,,,,,,,,,,,,,,,,,,
307,Amazon River Dolphin,Inia geoffrensis,No,,,,,,,,,,,,,,,,,,,,,,,,,,,,,,,,,,
308,Ecuadorean Tapeti,Sylvilagus daulensis,No,,,,,,,,,,,,,,,,,,,,,,,,,,,,,,,,,,
309,Rufous Mouse Lemur,Microcebus rufus,No,,,,,,,,,,,,,,,,,,,,,,,,,,,,,,,,,,
310,Ifola Tree Kangaroo,Dendrolagus notatus,No,,,,,,,,,,,,,,,,,,,,,,,,,,,,,,,,,,
311,Makassar Tarsier,Tarsius fuscus,No,,,,,,,,,,,,,,,,,,,,,,,,,,,,,,,,,,
312,Central Desert Marsupial Mole,Notoryctes typhlops,No,,,,,,,,,,,,,,,,,,,,,,,,,,,,,,,,,,
313,East African Potto,Perodicticus ibeanus,No,,,,,,,,,,,,,,,,,,,,,,,,,,,,,,,,,,
314,Gray's Sportive Lemur,Lepilemur dorsalis,No,,,,,,,,,,,,,,,,,,,,,,,,,,,,,,,,,,
315,Gracile White-toothed Shrew,Crocidura maurisca,No,,,,,,,,,,,,,,,,,,,,,,,,,,,,,,,,,,
316,Baikal Seal,Pusa sibirica,No,,,,,,,,,,,,,,,,,,,,,,,,,,,,,,,,,,
317,Common Long-eared Hedgehog,Hemiechinus auritus,No,,,,,,,,,,,,,,,,,,,,,,,,,,,,,,,,,,
318,Sumatran Treeshrew,Tupaia ferruginea,No,,,,,,,,,,,,,,,,,,,,,,,,,,,,,,,,,,
319,Chinese Water Deer,Hydropotes inermis,No,,,,,,,,,,,,,,,,,,,,,,,,,,,,,,,,,,
320,Lemerle's Dwarf Hippopotamus,Hippopotamus lemerlei,No,,,,,,,,,,,,,,,,,,,,,,,,,,,,,,,,,,
321,Sandstone Pseudantechinus,Pseudantechinus bilarni,No,,,,,,,,,,,,,,,,,,,,,,,,,,,,,,,,,,
322,Golden Snub-nosed Monkey,Rhinopithecus roxellana,No,,,,,,,,,,,,,,,,,,,,,,,,,,,,,,,,,,
323,Tasmanian Devil,Sarcophilus harrisii,Yes,2011-09-01,Yes,2007-01-01,2007-07-31,AUS,-43.08146559,147.7977386,17,1.5,,,,EPD,,35.2,,,67.9,60.73333333,13.03333333,19.86666667,wild,,https://doi.org/10.1016/j.theriogenology.2011.04.001,,,,,,,,,,
324,Kahuzi Mouse Shrew,Myosorex jejei,No,,,,,,,,,,,,,,,,,,,,,,,,,,,,,,,,,,
325,Cinnamon Antechinus,Antechinus leo,No,,,,,,,,,,,,,,,,,,,,,,,,,,,,,,,,,,
326,North-western Woolly Mouse Opossum,Marmosa germana,No,,,,,,,,,,,,,,,,,,,,,,,,,,,,,,,,,,
327,Northern Long-nosed Armadillo,Dasypus sabanicola,No,,,,,,,,,,,,,,,,,,,,,,,,,,,,,,,,,,
328,Horsfield's Treeshrew,Tupaia javanica,No,,,,,,,,,,,,,,,,,,,,,,,,,,,,,,,,,,
329,Gray Four-eyed Opossum,Philander opossum,No,,,,,,,,,,,,,,,,,,,,,,,,,,,,,,,,,,
330,Waigeo Spotted Cuscus,Spilocuscus papuensis,No,,,,,,,,,,,,,,,,,,,,,,,,,,,,,,,,,,
331,Red Goral,Naemorhedus baileyi,No,,,,,,,,,,,,,,,,,,,,,,,,,,,,,,,,,,
332,Urial,Ovis vignei,No,,,,,,,,,,,,,,,,,,,,,,,,,,,,,,,,,,
333,Western Lowland Olingo,Bassaricyon medius,No,,,,,,,,,,,,,,,,,,,,,,,,,,,,,,,,,,
334,Northern Treeshrew,Tupaia belangeri,No,,,,,,,,,,,,,,,,,,,,,,,,,,,,,,,,,,
335,Binturong,Arctictis binturong,Yes,2021-03-12,Yes,,,MYS,5.850091771,116.0693166,2,12,14,,,EEJ,0.1905,61.1,45.8,28.7,,1.85,13.2,56,captive,pair,https://doi.org/10.3389/fvets.2021.658573,,,,,,,,,,
336,Red Bald Uacari,Cacajao rubicundus,No,,,,,,,,,,,,,,,,,,,,,,,,,,,,,,,,,,
337,Honey Badger,Mellivora capensis,No,,,,,,,,,,,,,,,,,,,,,,,,,,,,,,,,,,
338,Dabie Mountains Shrew Mole,Uropsilus dabieshanensis,No,,,,,,,,,,,,,,,,,,,,,,,,,,,,,,,,,,
339,Desperate White-toothed Shrew,Crocidura desperata,No,,,,,,,,,,,,,,,,,,,,,,,,,,,,,,,,,,
340,Saharan Striped Polecat,Poecilictis libyca,No,,,,,,,,,,,,,,,,,,,,,,,,,,,,,,,,,,
341,Gray Slender Opossum,Marmosops incanus,No,,,,,,,,,,,,,,,,,,,,,,,,,,,,,,,,,,
342,Baiji,Lipotes vexillifer,No,,,,,,,,,,,,,,,,,,,,,,,,,,,,,,,,,,
343,Jalisco Shrew,Sorex mediopua,No,,,,,,,,,,,,,,,,,,,,,,,,,,,,,,,,,,
344,Broad-striped Vontsira,Galidictis fasciata,No,,,,,,,,,,,,,,,,,,,,,,,,,,,,,,,,,,
345,Naivasha Dik-dik,Madoqua cavendishi,No,,,,,,,,,,,,,,,,,,,,,,,,,,,,,,,,,,
346,Domestic Horse,Equus caballus,Yes,1992-11-01,Yes,1990-01-08,1990-02-12,,,,10,8,18,,,,58.5,,150,79.5,,,,,captive,alone,https://doi.org/10.1002/j.1939-4640.1992.tb00350.x,,,,,,,,,,
347,Domestic Horse,Equus caballus,Yes,2015-12-01,Yes,,,USA,41.81886045,-119.2324532,23,,,,,EPD,,,,59.7,,23.4,0.2,16.3,wild,,https://doi.org/10.1638/2014-0227.1,,,,,,,,,,
348,Domestic Horse,Equus caballus,Yes,2024-01-19,Yes,,,IRN,34.31602902,47.07375515,10,3,7,,,AV,,,,82.32666667,,2.88,,6.05,captive,,https://doi.org/10.1111/rda.14534,,,,,,,,,,
349,Domestic Horse,Equus caballus,Yes,2014-07-01,Yes,,,,,,10,3,14,,,EPD,,48.38666667,,,,3.066666667,51.36666667,13.48333333,,,https://doi.org/10.1016/j.jevs.2014.03.002,,,,,,,,,,
350,Domestic Horse,Equus caballus,Yes,2003-07-15,Yes,1997-09-01,1998-08-31,CHE,46.88674997,7.017563639,12,,,,,,33.475,67.15,229.925,17.375,89.3,,,,captive,,https://doi.org/10.1016/S0378-4320(03)00039-3,,,,,,,,,,
351,Domestic Horse,Equus caballus,Yes,2016-03-28,Yes,,,PRT,39.22220975,-7.672121742,11,4,11,,,AV,,21.9,307,28,,,,,captive,,https://doi.org/10.1111/rda.12686,,,,,,,,,,
352,Domestic Horse,Equus caballus,Yes,2006-04-01,Yes,1992-03-01,1997-04-30,NLD,52.08528796,5.175706198,285,3,7,,,AV,23.5,66.05,234.55,57.45,,15.05,12.35,,captive,,https://doi.org/10.1016/j.theriogenology.2005.08.001,,,,,,,,,,
353,Domestic Horse,Equus caballus,Yes,2004-03-31,Yes,,,EST,59.41284381,24.63926427,15,4,15,,,AV,,,,65.95,98.9,15.55,13.85,6.5,captive,,https://doi.org/10.1186/1751-0147-45-11,,,,,,,,,,
354,Domestic Horse,Equus caballus,Yes,2021-05-06,Yes,,,ESP,41.5041148,2.096000437,14,,,,,AV,,,,71.25,,5.19,11.795,11.765,captive,,https://doi.org/10.3390/vetsci8050079,,,,,,,,,,
355,Domestic Ass,Equus asinus,Yes,2021-05-06,Yes,,,ESP,41.5041148,2.096000437,7,,,,,AV,,,,84.745,,2.465,2.03,10.76,captive,,https://doi.org/10.3390/vetsci8050079,,,,,,,,,,
356,Domestic Horse,Equus caballus,Yes,2018-01-01,Yes,,,CAN,45.48429835,-73.58302415,15,3,15,,,AV,,,,54.03333333,99.29,8.133333333,17.36666667,11.4,captive,,https://doi.org/10.1016/j.anireprosci.2017.11.021,,,,,,,,,,
357,Domestic Horse,Equus caballus,Yes,2008-10-22,Yes,2007-01-01,2007-06-30,,,,9,5,12,,,AV,45.5,75.4,,48.9,,11.8,36.8,2.45,captive,,https://doi.org/10.1186/1751-0147-50-41,,,,,,,,,,
358,Domestic Horse,Equus caballus,Yes,2020-09-01,Yes,,,CHL,-33.26911188,-70.38014973,20,5,24,,,AV,42.215,,233.6316667,82.73166667,,,,,captive,alone,https://doi.org/10.1016/j.jevs.2020.103170,,,,,,,,,,
359,Bluebuck,Hippotragus leucophaeus,No,,,,,,,,,,,,,,,,,,,,,,,,,,,,,,,,,,
360,Hairy-tailed Mole,Parascalops breweri,No,,,,,,,,,,,,,,,,,,,,,,,,,,,,,,,,,,
361,Tasman Peninsula Dusky Antechinus,Antechinus vandycki,No,,,,,,,,,,,,,,,,,,,,,,,,,,,,,,,,,,
362,Andean Saddle-back Tamarin,Saguinus leucogenys,No,,,,,,,,,,,,,,,,,,,,,,,,,,,,,,,,,,
363,Coastal Tapeti,Sylvilagus tapetillus,No,,,,,,,,,,,,,,,,,,,,,,,,,,,,,,,,,,
364,Japanese Water Shrew,Chimarrogale platycephala,No,,,,,,,,,,,,,,,,,,,,,,,,,,,,,,,,,,
365,,,,,,,,,,,,,,,,,,,,,,,,,,,,,,,,,,,,,
366,,,,,,,,,,,,,,,,,,,,,,,,,,,,,,,,,,,,,
367,,,,,,,,,,,,,,,,,,,,,,,,,,,,,,,,,,,,,
368,,,,,,,,,,,,,,,,,,,,,,,,,,,,,,,,,,,,,
369,,,,,,,,,,,,,,,,,,,,,,,,,,,,,,,,,,,,,
370,,,,,,,,,,,,,,,,,,,,,,,,,,,,,,,,,,,,,
371,,,,,,,,,,,,,,,,,,,,,,,,,,,,,,,,,,,,,
372,,,,,,,,,,,,,,,,,,,,,,,,,,,,,,,,,,,,,
373,,,,,,,,,,,,,,,,,,,,,,,,,,,,,,,,,,,,,
374,,,,,,,,,,,,,,,,,,,,,,,,,,,,,,,,,,,,,
375,,,,,,,,,,,,,,,,,,,,,,,,,,,,,,,,,,,,,
376,,,,,,,,,,,,,,,,,,,,,,,,,,,,,,,,,,,,,
377,,,,,,,,,,,,,,,,,,,,,,,,,,,,,,,,,,,,,
378,,,,,,,,,,,,,,,,,,,,,,,,,,,,,,,,,,,,,
379,,,,,,,,,,,,,,,,,,,,,,,,,,,,,,,,,,,,,
380,,,,,,,,,,,,,,,,,,,,,,,,,,,,,,,,,,,,,
381,,,,,,,,,,,,,,,,,,,,,,,,,,,,,,,,,,,,,
382,,,,,,,,,,,,,,,,,,,,,,,,,,,,,,,,,,,,,
383,,,,,,,,,,,,,,,,,,,,,,,,,,,,,,,,,,,,,
384,,,,,,,,,,,,,,,,,,,,,,,,,,,,,,,,,,,,,
385,,,,,,,,,,,,,,,,,,,,,,,,,,,,,,,,,,,,,
386,,,,,,,,,,,,,,,,,,,,,,,,,,,,,,,,,,,,,
387,,,,,,,,,,,,,,,,,,,,,,,,,,,,,,,,,,,,,
388,,,,,,,,,,,,,,,,,,,,,,,,,,,,,,,,,,,,,
389,,,,,,,,,,,,,,,,,,,,,,,,,,,,,,,,,,,,,
390,,,,,,,,,,,,,,,,,,,,,,,,,,,,,,,,,,,,,
391,,,,,,,,,,,,,,,,,,,,,,,,,,,,,,,,,,,,,
392,,,,,,,,,,,,,,,,,,,,,,,,,,,,,,,,,,,,,
393,,,,,,,,,,,,,,,,,,,,,,,,,,,,,,,,,,,,,
394,,,,,,,,,,,,,,,,,,,,,,,,,,,,,,,,,,,,,
395,,,,,,,,,,,,,,,,,,,,,,,,,,,,,,,,,,,,,
396,,,,,,,,,,,,,,,,,,,,,,,,,,,,,,,,,,,,,
397,,,,,,,,,,,,,,,,,,,,,,,,,,,,,,,,,,,,,
398,,,,,,,,,,,,,,,,,,,,,,,,,,,,,,,,,,,,,
399,,,,,,,,,,,,,,,,,,,,,,,,,,,,,,,,,,,,,
400,,,,,,,,,,,,,,,,,,,,,,,,,,,,,,,,,,,,,
401,,,,,,,,,,,,,,,,,,,,,,,,,,,,,,,,,,,,,
402,,,,,,,,,,,,,,,,,,,,,,,,,,,,,,,,,,,,,
403,,,,,,,,,,,,,,,,,,,,,,,,,,,,,,,,,,,,,
404,,,,,,,,,,,,,,,,,,,,,,,,,,,,,,,,,,,,,
405,,,,,,,,,,,,,,,,,,,,,,,,,,,,,,,,,,,,,
406,,,,,,,,,,,,,,,,,,,,,,,,,,,,,,,,,,,,,
407,,,,,,,,,,,,,,,,,,,,,,,,,,,,,,,,,,,,,
408,,,,,,,,,,,,,,,,,,,,,,,,,,,,,,,,,,,,,
409,,,,,,,,,,,,,,,,,,,,,,,,,,,,,,,,,,,,,
410,,,,,,,,,,,,,,,,,,,,,,,,,,,,,,,,,,,,,
411,,,,,,,,,,,,,,,,,,,,,,,,,,,,,,,,,,,,,
412,,,,,,,,,,,,,,,,,,,,,,,,,,,,,,,,,,,,,
413,,,,,,,,,,,,,,,,,,,,,,,,,,,,,,,,,,,,,
414,,,,,,,,,,,,,,,,,,,,,,,,,,,,,,,,,,,,,
415,,,,,,,,,,,,,,,,,,,,,,,,,,,,,,,,,,,,,
416,,,,,,,,,,,,,,,,,,,,,,,,,,,,,,,,,,,,,
417,,,,,,,,,,,,,,,,,,,,,,,,,,,,,,,,,,,,,
418,,,,,,,,,,,,,,,,,,,,,,,,,,,,,,,,,,,,,
419,,,,,,,,,,,,,,,,,,,,,,,,,,,,,,,,,,,,,
420,,,,,,,,,,,,,,,,,,,,,,,,,,,,,,,,,,,,,
421,,,,,,,,,,,,,,,,,,,,,,,,,,,,,,,,,,,,,
422,,,,,,,,,,,,,,,,,,,,,,,,,,,,,,,,,,,,,
423,,,,,,,,,,,,,,,,,,,,,,,,,,,,,,,,,,,,,
424,,,,,,,,,,,,,,,,,,,,,,,,,,,,,,,,,,,,,
425,,,,,,,,,,,,,,,,,,,,,,,,,,,,,,,,,,,,,
426,,,,,,,,,,,,,,,,,,,,,,,,,,,,,,,,,,,,,
427,,,,,,,,,,,,,,,,,,,,,,,,,,,,,,,,,,,,,
428,,,,,,,,,,,,,,,,,,,,,,,,,,,,,,,,,,,,,
429,,,,,,,,,,,,,,,,,,,,,,,,,,,,,,,,,,,,,
430,,,,,,,,,,,,,,,,,,,,,,,,,,,,,,,,,,,,,
431,,,,,,,,,,,,,,,,,,,,,,,,,,,,,,,,,,,,,
432,,,,,,,,,,,,,,,,,,,,,,,,,,,,,,,,,,,,,
433,,,,,,,,,,,,,,,,,,,,,,,,,,,,,,,,,,,,,
434,,,,,,,,,,,,,,,,,,,,,,,,,,,,,,,,,,,,,
435,,,,,,,,,,,,,,,,,,,,,,,,,,,,,,,,,,,,,
436,,,,,,,,,,,,,,,,,,,,,,,,,,,,,,,,,,,,,
437,,,,,,,,,,,,,,,,,,,,,,,,,,,,,,,,,,,,,
438,,,,,,,,,,,,,,,,,,,,,,,,,,,,,,,,,,,,,
439,,,,,,,,,,,,,,,,,,,,,,,,,,,,,,,,,,,,,
440,,,,,,,,,,,,,,,,,,,,,,,,,,,,,,,,,,,,,
441,,,,,,,,,,,,,,,,,,,,,,,,,,,,,,,,,,,,,
442,,,,,,,,,,,,,,,,,,,,,,,,,,,,,,,,,,,,,
443,,,,,,,,,,,,,,,,,,,,,,,,,,,,,,,,,,,,,
444,,,,,,,,,,,,,,,,,,,,,,,,,,,,,,,,,,,,,
445,,,,,,,,,,,,,,,,,,,,,,,,,,,,,,,,,,,,,
446,,,,,,,,,,,,,,,,,,,,,,,,,,,,,,,,,,,,,
447,,,,,,,,,,,,,,,,,,,,,,,,,,,,,,,,,,,,,
448,,,,,,,,,,,,,,,,,,,,,,,,,,,,,,,,,,,,,
449,,,,,,,,,,,,,,,,,,,,,,,,,,,,,,,,,,,,,
450,,,,,,,,,,,,,,,,,,,,,,,,,,,,,,,,,,,,,
451,,,,,,,,,,,,,,,,,,,,,,,,,,,,,,,,,,,,,
452,,,,,,,,,,,,,,,,,,,,,,,,,,,,,,,,,,,,,
453,,,,,,,,,,,,,,,,,,,,,,,,,,,,,,,,,,,,,
454,,,,,,,,,,,,,,,,,,,,,,,,,,,,,,,,,,,,,
455,,,,,,,,,,,,,,,,,,,,,,,,,,,,,,,,,,,,,
456,,,,,,,,,,,,,,,,,,,,,,,,,,,,,,,,,,,,,
457,,,,,,,,,,,,,,,,,,,,,,,,,,,,,,,,,,,,,
458,,,,,,,,,,,,,,,,,,,,,,,,,,,,,,,,,,,,,
459,,,,,,,,,,,,,,,,,,,,,,,,,,,,,,,,,,,,,
460,,,,,,,,,,,,,,,,,,,,,,,,,,,,,,,,,,,,,
461,,,,,,,,,,,,,,,,,,,,,,,,,,,,,,,,,,,,,
462,,,,,,,,,,,,,,,,,,,,,,,,,,,,,,,,,,,,,
463,,,,,,,,,,,,,,,,,,,,,,,,,,,,,,,,,,,,,
464,,,,,,,,,,,,,,,,,,,,,,,,,,,,,,,,,,,,,
465,,,,,,,,,,,,,,,,,,,,,,,,,,,,,,,,,,,,,
466,,,,,,,,,,,,,,,,,,,,,,,,,,,,,,,,,,,,,
467,,,,,,,,,,,,,,,,,,,,,,,,,,,,,,,,,,,,,
468,,,,,,,,,,,,,,,,,,,,,,,,,,,,,,,,,,,,,
469,,,,,,,,,,,,,,,,,,,,,,,,,,,,,,,,,,,,,
470,,,,,,,,,,,,,,,,,,,,,,,,,,,,,,,,,,,,,
471,,,,,,,,,,,,,,,,,,,,,,,,,,,,,,,,,,,,,
472,,,,,,,,,,,,,,,,,,,,,,,,,,,,,,,,,,,,,
473,,,,,,,,,,,,,,,,,,,,,,,,,,,,,,,,,,,,,
474,,,,,,,,,,,,,,,,,,,,,,,,,,,,,,,,,,,,,
475,,,,,,,,,,,,,,,,,,,,,,,,,,,,,,,,,,,,,
476,,,,,,,,,,,,,,,,,,,,,,,,,,,,,,,,,,,,,
477,,,,,,,,,,,,,,,,,,,,,,,,,,,,,,,,,,,,,
478,,,,,,,,,,,,,,,,,,,,,,,,,,,,,,,,,,,,,
479,,,,,,,,,,,,,,,,,,,,,,,,,,,,,,,,,,,,,
480,,,,,,,,,,,,,,,,,,,,,,,,,,,,,,,,,,,,,
481,,,,,,,,,,,,,,,,,,,,,,,,,,,,,,,,,,,,,
482,,,,,,,,,,,,,,,,,,,,,,,,,,,,,,,,,,,,,
483,,,,,,,,,,,,,,,,,,,,,,,,,,,,,,,,,,,,,
484,,,,,,,,,,,,,,,,,,,,,,,,,,,,,,,,,,,,,
485,,,,,,,,,,,,,,,,,,,,,,,,,,,,,,,,,,,,,
486,,,,,,,,,,,,,,,,,,,,,,,,,,,,,,,,,,,,,
487,,,,,,,,,,,,,,,,,,,,,,,,,,,,,,,,,,,,,
488,,,,,,,,,,,,,,,,,,,,,,,,,,,,,,,,,,,,,
489,,,,,,,,,,,,,,,,,,,,,,,,,,,,,,,,,,,,,
490,,,,,,,,,,,,,,,,,,,,,,,,,,,,,,,,,,,,,
491,,,,,,,,,,,,,,,,,,,,,,,,,,,,,,,,,,,,,
492,,,,,,,,,,,,,,,,,,,,,,,,,,,,,,,,,,,,,
493,,,,,,,,,,,,,,,,,,,,,,,,,,,,,,,,,,,,,
494,,,,,,,,,,,,,,,,,,,,,,,,,,,,,,,,,,,,,
495,,,,,,,,,,,,,,,,,,,,,,,,,,,,,,,,,,,,,
496,,,,,,,,,,,,,,,,,,,,,,,,,,,,,,,,,,,,,
497,,,,,,,,,,,,,,,,,,,,,,,,,,,,,,,,,,,,,
498,,,,,,,,,,,,,,,,,,,,,,,,,,,,,,,,,,,,,
499,,,,,,,,,,,,,,,,,,,,,,,,,,,,,,,,,,,,,
500,,,,,,,,,,,,,,,,,,,,,,,,,,,,,,,,,,,,,